{"lineNum":400,"noise":0.019999999552965165,"dropout":0.019999999552965165,"maxRange":20.0,"spinRate":25.0,"instantMode":false}